PCON24CD,PCON24NM,pb_mean,pb_p95,n_pixels
E14001063,Aldershot,52.560054779052734,60.92523956298828,228
E14001064,Aldridge-Brownhills,78.78197479248047,120.13589477539062,212
E14001065,Altrincham and Sale West,125.33963012695312,176.45867919921875,203
E14001066,Amber Valley,93.55583190917969,185.6691131591797,497
E14001067,Arundel and South Downs,38.50883483886719,58.477569580078125,3349
E14001068,Ashfield,86.10974884033203,149.9394989013672,399
E14001069,Ashford,41.695045471191406,47.47187423706055,913
E14001070,Ashton-under-Lyne,198.0755157470703,241.98617553710938,116
E14001071,Aylesbury,42.853271484375,62.30971908569336,789
E14001072,Banbury,46.031105041503906,63.41925811767578,2050
E14001073,Barking,204.43600463867188,354.400390625,81
E14001074,Barnsley North,69.55380249023438,121.76399993896484,307
E14001075,Barnsley South,73.8468246459961,113.63130187988281,301
E14001076,Barrow and Furness,112.62358856201172,183.71334838867188,2299
E14001077,Basildon and Billericay,62.29429626464844,101.3128890991211,243
E14001078,Basingstoke,46.48426055908203,53.28288650512695,310
E14001079,Bassetlaw,50.3886604309082,87.64312744140625,1582
E14001080,Bath,69.20376586914062,81.9885482788086,294
E14001081,Battersea,416.5923767089844,545.0628662109375,34
E14001082,Beaconsfield,85.73145294189453,141.73594665527344,660
E14001083,Beckenham and Penge,218.29888916015625,416.80218505859375,93
E14001084,Bedford,67.77345275878906,110.15548706054688,115
E14001085,Bermondsey and Old Southwark,409.9440612792969,695.097900390625,30
E14001086,Bethnal Green and Stepney,341.41107177734375,432.3104248046875,27
E14001087,Beverley and Holderness,45.23109436035156,72.0248031616211,2823
E14001088,Bexhill and Battle,43.226600646972656,48.42831039428711,1874
E14001089,Bexleyheath and Crayford,196.01646423339844,372.0366516113281,84
E14001090,Bicester and Woodstock,38.11665344238281,44.14023208618164,1790
E14001091,Birkenhead,52.704681396484375,59.03019714355469,128
E14001092,Birmingham Edgbaston,76.33411407470703,84.19585418701172,119
E14001093,Birmingham Erdington,63.71871566772461,96.20118713378906,100
E14001094,Birmingham Hall Green and Moseley,80.77616119384766,92.2608871459961,77
E14001095,Birmingham Hodge Hill and Solihull North,50.1314697265625,61.458648681640625,101
E14001096,Birmingham Ladywood,85.8456039428711,108.88681030273438,99
E14001097,Birmingham Northfield,65.8946304321289,81.63343811035156,100
E14001098,Birmingham Perry Barr,105.10064697265625,121.51365661621094,99
E14001099,Birmingham Selly Oak,81.9932632446289,102.63240051269531,85
E14001100,Birmingham Yardley,61.835205078125,78.95899200439453,78
E14001101,Bishop Auckland,214.9637908935547,464.2904052734375,5330
E14001102,Blackburn,97.02429962158203,114.89679718017578,161
E14001103,Blackley and Middleton South,285.0543518066406,417.050048828125,116
E14001104,Blackpool North and Fleetwood,92.94156646728516,110.3824234008789,132
E14001105,Blackpool South,66.72539520263672,76.20860290527344,102
E14001106,Blaydon and Consett,90.99727630615234,98.99602508544922,453
E14001107,Blyth and Ashington,87.92997741699219,142.745361328125,331
E14001108,Bognor Regis and Littlehampton,48.07844543457031,61.029842376708984,179
E14001109,Bolsover,89.4425277709961,145.18203735351562,920
E14001110,Bolton North East,125.09160614013672,131.8903045654297,161
E14001111,Bolton South and Walkden,142.7278289794922,169.59169006347656,132
E14001112,Bolton West,122.12261962890625,133.91737365722656,312
E14001113,Bootle,70.47602081298828,77.47720336914062,100
E14001114,Boston and Skegness,35.89070129394531,47.34772491455078,3202
E14001115,Bournemouth East,37.921722412109375,41.977691650390625,98
E14001116,Bournemouth West,34.22926330566406,39.47943115234375,106
E14001117,Bracknell,33.969764709472656,48.32123565673828,187
E14001118,Bradford East,97.33699798583984,110.21490478515625,112
E14001119,Bradford South,99.66041564941406,121.8219985961914,181
E14001120,Bradford West,91.11287689208984,113.78538513183594,140
E14001121,Braintree,34.94521713256836,46.289573669433594,2068
E14001122,Brent East,330.63848876953125,701.168701171875,73
E14001123,Brent West,221.20802307128906,408.86334228515625,77
E14001124,Brentford and Isleworth,226.1936798095703,386.9660949707031,91
E14001125,Brentwood and Ongar,54.85393142700195,108.9085922241211,1259
E14001126,Bridgwater,44.87691116333008,51.46498107910156,1158
E14001127,Bridlington and The Wolds,43.80778503417969,57.51217269897461,3779
E14001128,Brigg and Immingham,37.72223663330078,51.02347183227539,1967
E14001129,Brighton Kemptown and Peacehaven,40.23051071166992,45.55377960205078,160
E14001130,Brighton Pavilion,46.188568115234375,60.155189514160156,114
E14001131,Bristol Central,120.03555297851562,145.85736083984375,43
E14001132,Bristol East,78.54511260986328,114.80345153808594,91
E14001133,Bristol North East,88.19471740722656,121.61369323730469,87
E14001134,Bristol North West,130.92677307128906,150.5659637451172,155
E14001135,Bristol South,94.39606475830078,126.24058532714844,88
E14001136,Broadland and Fakenham,27.517879486083984,43.92559814453125,2891
E14001137,Bromley and Biggin Hill,123.35415649414062,286.3205871582031,187
E14001138,Bromsgrove,55.26388931274414,71.94850158691406,865
E14001139,Broxbourne,87.54637145996094,167.11216735839844,349
E14001140,Broxtowe,95.07958221435547,154.58392333984375,246
E14001141,Buckingham and Bletchley,37.9675178527832,48.13965606689453,1585
E14001142,Burnley,122.5257568359375,149.08889770507812,481
E14001143,Burton and Uttoxeter,72.85264587402344,136.59320068359375,968
E14001144,Bury North,120.10358428955078,131.8639678955078,235
E14001145,Bury South,176.81517028808594,238.4409942626953,179
E14001146,Bury St Edmunds and Stowmarket,29.13528823852539,53.50398635864258,1603
E14001147,Calder Valley,103.87738037109375,153.83848571777344,1220
E14001148,Camborne and Redruth,79.25045013427734,108.30784606933594,1092
E14001149,Cambridge,71.42570495605469,103.52505493164062,131
E14001150,Cannock Chase,65.02163696289062,79.24659729003906,320
E14001151,Canterbury,52.410057067871094,67.15457153320312,936
E14001152,Carlisle,62.83798599243164,122.66677856445312,3557
E14001153,Carshalton and Wallington,195.6746368408203,323.51544189453125,103
E14001154,Castle Point,80.8047103881836,123.11315155029297,220
E14001155,Central Devon,46.057865142822266,67.43302917480469,5500
E14001156,Central Suffolk and North Ipswich,30.5616397857666,39.515865325927734,2197
E14001157,Chatham and Aylesford,86.07512664794922,122.70835876464844,218
E14001158,Cheadle,90.1816177368164,123.29560089111328,164
E14001159,Chelmsford,59.06264877319336,80.30729675292969,131
E14001160,Chelsea and Fulham,428.4197998046875,740.5487060546875,36
E14001161,Cheltenham,62.21317672729492,72.01528930664062,137
E14001162,Chesham and Amersham,68.76695251464844,102.28980255126953,584
E14001163,Chester North and Neston,84.30192565917969,139.06617736816406,438
E14001164,Chester South and Eddisbury,55.72159957885742,73.94459533691406,3015
E14001165,Chesterfield,98.49222564697266,124.60694122314453,189
E14001166,Chichester,43.01079559326172,52.52931213378906,1134
E14001167,Chingford and Woodford Green,208.44676208496094,404.3948974609375,90
E14001168,Chippenham,45.6124153137207,56.43826675415039,1100
E14001169,Chipping Barnet,175.93844604492188,316.69073486328125,159
E14001170,Chorley,97.3712158203125,118.09981536865234,543
E14001171,Christchurch,28.278581619262695,39.58332443237305,448
E14001172,Cities of London and Westminster,349.41961669921875,614.7490844726562,75
E14001173,City of Durham,98.16751861572266,166.92880249023438,864
E14001174,Clacton,38.018028259277344,49.63713073730469,783
E14001175,Clapham and Brixton Hill,441.97894287109375,580.6937866210938,30
E14001176,Colchester,54.119808197021484,77.43222045898438,170
E14001177,Colne Valley,107.41505432128906,157.2820587158203,692
E14001178,Congleton,53.539066314697266,70.47295379638672,845
E14001179,Corby and East Northamptonshire,37.96247100830078,53.505165100097656,2087
E14001180,Coventry East,94.87092590332031,197.88330078125,114
E14001181,Coventry North West,82.49002075195312,177.0485382080078,154
E14001182,Coventry South,91.88336944580078,148.3109893798828,129
E14001183,Cramlington and Killingworth,147.7821044921875,185.28370666503906,395
E14001184,Crawley,54.44624710083008,65.8718490600586,182
E14001185,Crewe and Nantwich,55.66684341430664,59.89429473876953,357
E14001186,Croydon East,134.12294006347656,307.49981689453125,103
E14001187,Croydon South,121.34449005126953,200.50384521484375,153
E14001188,Croydon West,305.8011474609375,555.7175903320312,58
E14001189,Dagenham and Rainham,164.84286499023438,292.3736877441406,154
E14001190,Darlington,72.163330078125,86.13199615478516,459
E14001191,Dartford,96.14408111572266,167.18748474121094,245
E14001192,Daventry,40.97437286376953,51.62202835083008,3126
E14001193,Derby North,223.47068786621094,463.9869689941406,116
E14001194,Derby South,251.0877227783203,567.2904052734375,125
E14001195,Derbyshire Dales,385.1942138671875,1268.6312255859375,3638
E14001196,Dewsbury and Batley,76.32521057128906,102.1002426147461,220
E14001197,Didcot and Wantage,34.367698669433594,37.558509826660156,1616
E14001198,Doncaster Central,85.64984130859375,178.6105499267578,451
E14001199,Doncaster East and the Isle of Axholme,48.95745849609375,79.61705017089844,1666
E14001200,Doncaster North,61.91190719604492,106.17012023925781,955
E14001201,Dorking and Horley,46.85910415649414,69.6340103149414,1117
E14001202,Dover and Deal,46.02186965942383,54.02946853637695,872
E14001203,Droitwich and Evesham,43.58220291137695,52.69496154785156,1606
E14001204,Dudley,92.08087158203125,114.52831268310547,108
E14001205,Dulwich and West Norwood,402.927734375,581.7494506835938,60
E14001206,Dunstable and Leighton Buzzard,43.158447265625,56.21902084350586,317
E14001207,Ealing Central and Acton,309.67816162109375,517.3270874023438,84
E14001208,Ealing North,192.36636352539062,256.8609924316406,93
E14001209,Ealing Southall,278.54815673828125,455.9081115722656,62
E14001210,Earley and Woodley,63.78630065917969,87.28395080566406,196
E14001211,Easington,82.89159393310547,95.24952697753906,589
E14001212,East Grinstead and Uckfield,46.18286895751953,56.35834503173828,1518
E14001213,East Ham,349.3418884277344,529.0731811523438,42
E14001214,East Hampshire,46.037235260009766,54.47610092163086,2061
E14001215,East Surrey,51.245548248291016,90.54888153076172,1042
E14001216,East Thanet,56.58217239379883,61.69226837158203,127
E14001217,East Wiltshire,42.45486831665039,53.52552032470703,4201
E14001218,East Worthing and Shoreham,54.996864318847656,69.03062438964844,220
E14001219,Eastbourne,36.9472770690918,41.6248664855957,175
E14001220,Eastleigh,47.28586196899414,52.017250061035156,205
E14001221,Edmonton and Winchmore Hill,286.81689453125,399.67584228515625,88
E14001222,Ellesmere Port and Bromborough,59.987388610839844,64.99803924560547,149
E14001223,Eltham and Chislehurst,181.80421447753906,309.8852844238281,118
E14001224,Ely and East Cambridgeshire,29.642288208007812,40.39931106567383,2909
E14001225,Enfield North,191.82247924804688,354.1838073730469,161
E14001226,Epping Forest,83.15612030029297,185.9916229248047,510
E14001227,Epsom and Ewell,78.03235626220703,140.657958984375,236
E14001228,Erewash,124.1269302368164,237.06846618652344,239
E14001229,Erith and Thamesmead,210.0073699951172,412.1485900878906,102
E14001230,Esher and Walton,96.34288787841797,158.5391845703125,190
E14001231,Exeter,85.25292205810547,97.07510375976562,137
E14001232,Exmouth and Exeter East,48.086299896240234,72.47587585449219,979
E14001233,Fareham and Waterlooville,49.476253509521484,72.13957214355469,392
E14001234,Farnham and Bordon,39.984867095947266,56.340248107910156,673
E14001235,Faversham and Mid Kent,56.15950393676758,81.29781341552734,1501
E14001236,Feltham and Heston,185.29505920410156,269.33673095703125,109
E14001237,Filton and Bradley Stoke,96.78910827636719,122.45185852050781,183
E14001238,Finchley and Golders Green,328.3884582519531,494.5218200683594,84
E14001239,Folkestone and Hythe,32.300079345703125,45.59639358520508,919
E14001240,Forest of Dean,55.765655517578125,76.6337890625,2340
E14001241,Frome and East Somerset,61.82930374145508,90.15817260742188,1913
E14001242,Fylde,60.88562774658203,83.66575622558594,691
E14001243,Gainsborough,33.37400817871094,52.279476165771484,4625
E14001244,Gateshead Central and Whickham,99.16021728515625,123.5457534790039,170
E14001245,Gedling,85.2520523071289,183.19085693359375,251
E14001246,Gillingham and Rainham,96.19450378417969,121.55186462402344,124
E14001247,Glastonbury and Somerton,43.27660369873047,55.018836975097656,2766
E14001248,Gloucester,55.837066650390625,63.1585807800293,141
E14001249,Godalming and Ash,35.94481658935547,47.30931854248047,1382
E14001250,Goole and Pocklington,47.572792053222656,88.44640350341797,2821
E14001251,Gorton and Denton,223.11334228515625,265.15472412109375,90
E14001252,Gosport,86.5537338256836,110.36080169677734,137
E14001253,Grantham and Bourne,35.61598205566406,46.24215316772461,3016
E14001254,Gravesham,72.8258285522461,186.3203125,397
E14001255,Great Grimsby and Cleethorpes,59.540836334228516,78.02134704589844,130
E14001256,Great Yarmouth,39.197357177734375,69.5711898803711,686
E14001257,Greenwich and Woolwich,295.07861328125,445.84771728515625,60
E14001258,Guildford,41.928348541259766,67.65149688720703,505
E14001259,Hackney North and Stoke Newington,485.2852783203125,910.688720703125,35
E14001260,Hackney South and Shoreditch,422.453369140625,607.573974609375,33
E14001261,Halesowen,67.66279602050781,75.06703186035156,126
E14001262,Halifax,116.79495239257812,142.36410522460938,237
E14001263,Hamble Valley,46.4107551574707,56.2380256652832,363
E14001264,Hammersmith and Chiswick,381.14508056640625,643.3762817382812,49
E14001265,Hampstead and Highgate,411.5715637207031,816.0507202148438,61
E14001266,"Harborough, Oadby and Wigston",45.82880401611328,75.58037567138672,656
E14001267,Harlow,45.74970626831055,71.5037841796875,613
E14001268,Harpenden and Berkhamsted,64.58399963378906,87.91200256347656,995
E14001269,Harrogate and Knaresborough,56.80326461791992,65.45065307617188,536
E14001270,Harrow East,174.48944091796875,260.9011535644531,99
E14001271,Harrow West,212.718017578125,335.09625244140625,70
E14001272,Hartlepool,74.86351013183594,82.42353820800781,372
E14001273,Harwich and North Essex,38.100284576416016,49.93290710449219,1280
E14001274,Hastings and Rye,36.70033264160156,42.78443908691406,557
E14001275,Havant,48.458518981933594,60.435447692871094,178
E14001276,Hayes and Harlington,156.03457641601562,240.093505859375,181
E14001277,Hazel Grove,116.31754302978516,169.52838134765625,247
E14001278,Hemel Hempstead,67.62516784667969,74.96409606933594,231
E14001279,Hendon,198.11761474609375,303.401611328125,95
E14001280,Henley and Thame,41.37567138671875,58.69342803955078,2199
E14001281,Hereford and South Herefordshire,39.43000030517578,47.841827392578125,2962
E14001282,Herne Bay and Sandwich,41.94214630126953,53.50239562988281,969
E14001283,Hertford and Stortford,50.14562225341797,83.55437469482422,484
E14001284,Hertsmere,72.6408920288086,115.88768768310547,484
E14001285,Hexham,114.41405487060547,334.34002685546875,11100
E14001286,Heywood and Middleton North,127.84788513183594,170.07745361328125,287
E14001287,High Peak,163.5558624267578,281.47021484375,2160
E14001288,Hinckley and Bosworth,39.96917724609375,49.908206939697266,1159
E14001289,Hitchin,48.17296600341797,60.50795364379883,896
E14001290,Holborn and St Pancras,512.6982421875,838.5947265625,37
E14001291,Honiton and Sidmouth,40.753116607666016,51.710533142089844,2574
E14001292,Hornchurch and Upminster,95.4384994506836,175.242431640625,223
E14001293,Hornsey and Friern Barnet,434.2890625,724.6920166015625,55
E14001294,Horsham,44.488914489746094,49.10077667236328,1243
E14001295,Houghton and Sunderland South,91.1506118774414,98.84231567382812,275
E14001296,Hove and Portslade,62.43747329711914,70.50144958496094,93
E14001297,Huddersfield,105.05928039550781,129.4320068359375,196
E14001298,Huntingdon,35.91036605834961,48.068572998046875,2353
E14001299,Hyndburn,116.8402099609375,127.7819595336914,362
E14001300,Ilford North,171.99537658691406,392.0343933105469,111
E14001301,Ilford South,191.09864807128906,296.25885009765625,59
E14001302,Ipswich,103.1240005493164,244.2718963623047,121
E14001303,Isle of Wight East,33.289466857910156,46.6336555480957,448
E14001304,Isle of Wight West,31.896547317504883,55.88554763793945,1042
E14001305,Islington North,439.92218017578125,636.92138671875,32
E14001306,Islington South and Finsbury,467.60162353515625,688.978759765625,31
E14001307,Jarrow and Gateshead East,115.88427734375,140.83096313476562,159
E14001308,Keighley and Ilkley,69.28387451171875,108.13996887207031,658
E14001309,Kenilworth and Southam,39.35326385498047,51.90407180786133,2661
E14001310,Kensington and Bayswater,423.47705078125,742.3594360351562,45
E14001311,Kettering,41.479331970214844,55.80461883544922,1041
E14001312,Kingston and Surbiton,156.69699096679688,304.40692138671875,103
E14001313,Kingston upon Hull East,143.505615234375,289.36346435546875,128
E14001314,Kingston upon Hull North and Cottingham,173.52098083496094,297.53912353515625,153
E14001315,Kingston upon Hull West and Haltemprice,160.6893310546875,357.3830261230469,145
E14001316,Kingswinford and South Staffordshire,87.83975982666016,183.6144256591797,748
E14001317,Knowsley,92.36466979980469,99.7831039428711,205
E14001318,Lancaster and Wyre,74.62885284423828,115.26539611816406,1611
E14001319,Leeds Central and Headingley,97.36444854736328,121.39773559570312,83
E14001320,Leeds East,70.4602279663086,97.2821044921875,237
E14001321,Leeds North East,74.78915405273438,91.92513275146484,158
E14001322,Leeds North West,80.91110229492188,99.2642593383789,342
E14001323,Leeds South,112.47520446777344,130.57484436035156,155
E14001324,Leeds South West and Morley,100.20356750488281,139.73849487304688,221
E14001325,Leeds West and Pudsey,98.97095489501953,113.42259979248047,141
E14001326,Leicester East,110.93855285644531,246.17445373535156,87
E14001327,Leicester South,143.37010192871094,268.590087890625,77
E14001328,Leicester West,114.50599670410156,231.4499969482422,131
E14001329,Leigh and Atherton,130.36962890625,160.50384521484375,216
E14001330,Lewes,41.1690559387207,50.204315185546875,1430
E14001331,Lewisham East,247.64955139160156,468.7611083984375,61
E14001332,Lewisham North,388.7198486328125,590.2659912109375,44
E14001333,Lewisham West and East Dulwich,359.60443115234375,527.7779541015625,49
E14001334,Leyton and Wanstead,364.19781494140625,636.7940063476562,69
E14001335,Lichfield,49.46217727661133,63.99346160888672,1267
E14001336,Lincoln,73.83901977539062,207.79505920410156,252
E14001337,Liverpool Garston,73.60506439208984,90.92677307128906,130
E14001338,Liverpool Riverside,61.68213653564453,68.38434600830078,77
E14001339,Liverpool Walton,79.133056640625,87.19513702392578,104
E14001340,Liverpool Wavertree,65.18104553222656,76.88166046142578,77
E14001341,Liverpool West Derby,77.68408203125,88.1728515625,75
E14001342,Loughborough,44.071189880371094,54.191444396972656,490
E14001343,Louth and Horncastle,33.749969482421875,43.227806091308594,5210
E14001344,Lowestoft,38.534053802490234,75.49740600585938,429
E14001345,Luton North,44.409847259521484,54.60076141357422,88
E14001346,Luton South and South Bedfordshire,58.20124053955078,76.9093246459961,398
E14001347,Macclesfield,90.5256576538086,138.02679443359375,1211
E14001348,Maidenhead,50.106224060058594,66.47917938232422,738
E14001349,Maidstone and Malling,82.71159362792969,104.93318176269531,205
E14001350,Makerfield,94.38463592529297,114.96929931640625,229
E14001351,Maldon,40.04658889770508,54.73151397705078,1493
E14001352,Manchester Central,243.0397491455078,361.00494384765625,112
E14001353,Manchester Rusholme,264.7769470214844,427.26422119140625,55
E14001354,Manchester Withington,295.58343505859375,533.9471435546875,73
E14001355,Mansfield,69.18789672851562,146.2198486328125,284
E14001356,Melksham and Devizes,44.56756591796875,62.194114685058594,1675
E14001357,Melton and Syston,44.001800537109375,53.415462493896484,2280
E14001358,Meriden and Solihull East,48.90031051635742,80.46693420410156,535
E14001359,Mid Bedfordshire,35.45563507080078,43.30137634277344,1398
E14001360,Mid Buckinghamshire,41.8052864074707,67.81240844726562,2157
E14001361,Mid Cheshire,56.61894226074219,61.027740478515625,421
E14001362,Mid Derbyshire,118.60845184326172,233.6192169189453,567
E14001363,Mid Dorset and North Poole,30.896411895751953,37.420257568359375,1211
E14001364,Mid Leicestershire,49.67294692993164,77.13785552978516,555
E14001365,Mid Norfolk,23.65172576904297,29.998764038085938,3359
E14001366,Mid Sussex,46.880367279052734,55.854698181152344,669
E14001367,Middlesbrough and Thornaby East,73.41941833496094,80.09056091308594,139
E14001368,Middlesbrough South and East Cleveland,59.837127685546875,70.92401123046875,781
E14001369,Milton Keynes Central,35.006919860839844,48.10350799560547,263
E14001370,Milton Keynes North,38.579734802246094,53.13316345214844,884
E14001371,Mitcham and Morden,254.8932647705078,492.0164489746094,74
E14001372,Morecambe and Lunesdale,88.09904479980469,177.76614379882812,3269
E14001373,New Forest East,30.88081169128418,38.39057159423828,1566
E14001374,New Forest West,31.778854370117188,41.14781188964844,1425
E14001375,Newark,44.62738800048828,88.98500061035156,3089
E14001376,Newbury,38.896827697753906,47.55064392089844,1586
E14001377,Newcastle upon Tyne Central and West,120.65384674072266,146.57618713378906,130
E14001378,Newcastle upon Tyne East and Wallsend,161.6949005126953,185.2784423828125,111
E14001379,Newcastle upon Tyne North,160.39892578125,190.84860229492188,129
E14001380,Newcastle-under-Lyme,73.55055236816406,162.0174560546875,413
E14001381,Newton Abbot,53.50218963623047,71.50489807128906,776
E14001382,Newton Aycliffe and Spennymoor,87.21070861816406,120.3292007446289,985
E14001383,Normanton and Hemsworth,57.95551681518555,87.01579284667969,621
E14001384,North Bedfordshire,38.8237419128418,56.93842697143555,2339
E14001385,North Cornwall,44.81544876098633,71.94635009765625,5106
E14001386,North Cotswolds,49.05649185180664,64.46305084228516,4116
E14001387,North Devon,41.87184524536133,55.62080001831055,4321
E14001388,North Dorset,37.757110595703125,42.22649383544922,3186
E14001389,North Durham,100.86125946044922,154.16763305664062,916
E14001390,North East Cambridgeshire,33.63747024536133,51.203575134277344,2180
E14001391,North East Derbyshire,144.7321319580078,277.6473693847656,899
E14001392,North East Hampshire,40.76724624633789,52.4549674987793,1314
E14001393,North East Hertfordshire,40.13812255859375,55.82763671875,2012
E14001394,North East Somerset and Hanham,92.34258270263672,215.64752197265625,824
E14001395,North Herefordshire,43.37895202636719,52.88020706176758,5757
E14001396,North Norfolk,27.685577392578125,38.031803131103516,3076
E14001397,North Northumberland,53.726837158203125,104.02963256835938,8530
E14001398,North Shropshire,56.328948974609375,88.18732452392578,3095
E14001399,North Somerset,127.43545532226562,175.02215576171875,777
E14001400,North Warwickshire and Bedworth,48.379783630371094,83.16275787353516,1063
E14001401,North West Cambridgeshire,34.918697357177734,47.5767707824707,1561
E14001402,North West Essex,37.0181770324707,48.97552490234375,2495
E14001403,North West Hampshire,41.72675323486328,48.99309539794922,1800
E14001404,North West Leicestershire,52.77081298828125,97.23919677734375,941
E14001405,North West Norfolk,29.40384864807129,54.50428771972656,3262
E14001406,Northampton North,80.44896697998047,161.9677734375,125
E14001407,Northampton South,58.14104461669922,96.14868927001953,204
E14001408,Norwich North,67.88153839111328,145.38397216796875,166
E14001409,Norwich South,89.69465637207031,183.04718017578125,116
E14001410,Nottingham East,173.2733154296875,275.5666809082031,84
E14001411,Nottingham North and Kimberley,96.31431579589844,157.5008087158203,157
E14001412,Nottingham South,121.298583984375,195.62832641601562,129
E14001413,Nuneaton,54.413753509521484,93.95587921142578,330
E14001414,Old Bexley and Sidcup,154.43556213378906,232.1479034423828,110
E14001415,Oldham East and Saddleworth,151.9195556640625,176.3384246826172,417
E14001416,"Oldham West, Chadderton and Royton",165.77110290527344,220.6115264892578,125
E14001417,Orpington,99.47734832763672,168.45852661132812,268
E14001418,Ossett and Denby Dale,69.49028015136719,90.65959930419922,554
E14001419,Oxford East,34.36320114135742,36.357704162597656,112
E14001420,Oxford West and Abingdon,35.142738342285156,38.06169891357422,434
E14001421,Peckham,405.21710205078125,562.10546875,35
E14001422,Pendle and Clitheroe,96.30448913574219,123.86064910888672,946
E14001423,Penistone and Stocksbridge,118.13175964355469,275.290283203125,1174
E14001424,Penrith and Solway,91.45323944091797,233.768310546875,7883
E14001425,Peterborough,41.12727737426758,85.24258422851562,690
E14001426,Plymouth Moor View,89.44877624511719,104.512451171875,136
E14001427,Plymouth Sutton and Devonport,76.08016967773438,93.98583984375,76
E14001428,"Pontefract, Castleford and Knottingley",73.5476303100586,98.83038330078125,294
E14001429,Poole,27.821685791015625,31.43055534362793,113
E14001430,Poplar and Limehouse,276.2214660644531,463.45697021484375,34
E14001431,Portsmouth North,83.9997329711914,101.09709930419922,109
E14001432,Portsmouth South,95.95903015136719,102.70250701904297,50
E14001433,Preston,62.3559684753418,67.1942367553711,160
E14001434,Putney,240.6507568359375,370.3302001953125,54
E14001435,Queen's Park and Maida Vale,357.3644104003906,594.3392333984375,32
E14001436,Rawmarsh and Conisbrough,78.87491607666016,128.26092529296875,402
E14001437,Rayleigh and Wickford,64.33921813964844,102.35298156738281,269
E14001438,Reading Central,88.7242202758789,97.05975341796875,101
E14001439,Reading West and Mid Berkshire,43.52353286743164,61.967830657958984,1254
E14001440,Redcar,62.10837936401367,71.15609741210938,290
E14001441,Redditch,42.77635192871094,56.8749885559082,753
E14001442,Reigate,58.03791046142578,89.30918884277344,349
E14001443,Ribble Valley,80.56193542480469,111.05978393554688,2594
E14001444,Richmond and Northallerton,143.54681396484375,332.9682922363281,7616
E14001445,Richmond Park,183.16522216796875,445.3312683105469,138
E14001446,Rochdale,129.601806640625,155.41542053222656,316
E14001447,Rochester and Strood,65.62655639648438,117.30400085449219,561
E14001448,Romford,144.8956756591797,282.1153564453125,120
E14001449,Romsey and Southampton North,39.84097671508789,51.40693664550781,2132
E14001450,Rossendale and Darwen,114.74787902832031,141.13400268554688,870
E14001451,Rother Valley,95.45732116699219,170.46734619140625,640
E14001452,Rotherham,95.74057006835938,145.57460021972656,232
E14001453,Rugby,41.09443664550781,51.17572784423828,975
E14001454,"Ruislip, Northwood and Pinner",106.41487121582031,164.20596313476562,164
E14001455,Runcorn and Helsby,71.92064666748047,93.03369140625,747
E14001456,Runnymede and Weybridge,68.72177124023438,125.11859893798828,401
E14001457,Rushcliffe,52.728492736816406,108.1908950805664,1167
E14001458,Rutland and Stamford,41.50684356689453,56.80144119262695,3837
E14001459,Salford,212.27813720703125,263.6741943359375,110
E14001460,Salisbury,38.839027404785156,49.45079803466797,2775
E14001461,Scarborough and Whitby,70.2957763671875,108.2012939453125,2948
E14001462,Scunthorpe,48.54906463623047,89.09400939941406,1122
E14001463,Sefton Central,79.6555404663086,98.84124755859375,343
E14001464,Selby,48.84184646606445,72.21629333496094,2020
E14001465,Sevenoaks,63.26283264160156,130.924560546875,1020
E14001466,Sheffield Brightside and Hillsborough,184.18003845214844,262.9788513183594,112
E14001467,Sheffield Central,279.2597961425781,414.80908203125,53
E14001468,Sheffield Hallam,193.99917602539062,297.1927795410156,545
E14001469,Sheffield Heeley,214.38226318359375,353.1661682128906,108
E14001470,Sheffield South East,121.49375915527344,214.59194946289062,188
E14001471,Sherwood Forest,47.35686492919922,103.6217041015625,1244
E14001472,Shipley,82.51702880859375,109.36336517333984,379
E14001473,Shrewsbury,84.43563079833984,148.2149658203125,1336
E14001474,Sittingbourne and Sheppey,80.2969970703125,113.76319122314453,639
E14001475,Skipton and Ripon,137.4993896484375,383.09710693359375,8136
E14001476,Sleaford and North Hykeham,34.012237548828125,42.6192626953125,2876
E14001477,Slough,98.47120666503906,144.21749877929688,101
E14001478,Smethwick,85.49192810058594,97.40699005126953,89
E14001479,Solihull West and Shirley,75.46798706054688,115.71405029296875,156
E14001480,South Basildon and East Thurrock,67.3463363647461,153.85147094726562,479
E14001481,South Cambridgeshire,30.731369018554688,44.83051300048828,2350
E14001482,South Cotswolds,53.729278564453125,84.63856506347656,3357
E14001483,South Derbyshire,71.92681884765625,127.41851043701172,1168
E14001484,South Devon,43.89680480957031,63.284332275390625,2498
E14001485,South Dorset,32.13685607910156,38.60150909423828,1389
E14001486,South East Cornwall,62.554969787597656,93.2615966796875,2801
E14001487,South Holland and The Deepings,32.845489501953125,44.356143951416016,3099
E14001488,South Leicestershire,42.4437141418457,56.71659851074219,1328
E14001489,South Norfolk,31.731760025024414,48.547122955322266,2082
E14001490,South Northamptonshire,37.99957275390625,47.939109802246094,2531
E14001491,South Ribble,85.35432434082031,102.5884780883789,557
E14001492,South Shields,109.11077880859375,130.95309448242188,140
E14001493,South Shropshire,58.31836700439453,103.82806396484375,7279
E14001494,South Suffolk,34.35427474975586,49.7364387512207,2383
E14001495,South West Devon,55.284568786621094,82.00855255126953,1568
E14001496,South West Hertfordshire,81.31935119628906,132.70538330078125,390
E14001497,South West Norfolk,23.796852111816406,35.025177001953125,4632
E14001498,South West Wiltshire,40.17641830444336,50.681461334228516,1806
E14001499,Southampton Itchen,48.76054763793945,56.04901885986328,76
E14001500,Southampton Test,41.90201187133789,48.78239440917969,86
E14001501,Southend East and Rochford,57.09895706176758,130.40609741210938,501
E14001502,Southend West and Leigh,141.0955047607422,248.9853515625,96
E14001503,Southgate and Wood Green,268.4114990234375,609.8016967773438,95
E14001504,Southport,97.90167999267578,121.86090087890625,467
E14001505,Spelthorne,116.92310333251953,165.43716430664062,210
E14001506,Spen Valley,103.9732894897461,135.95909118652344,245
E14001507,St Albans,71.40198516845703,87.46644592285156,236
E14001508,St Austell and Newquay,47.24860382080078,66.93303680419922,1169
E14001509,St Helens North,101.05848693847656,110.83619689941406,329
E14001510,St Helens South and Whiston,101.63056945800781,109.96526336669922,225
E14001511,St Ives,52.4659309387207,97.35211181640625,2265
E14001512,St Neots and Mid Cambridgeshire,35.30093002319336,47.37903594970703,1404
E14001513,Stafford,45.869354248046875,52.10691833496094,1669
E14001514,Staffordshire Moorlands,93.38798522949219,152.97784423828125,2131
E14001515,Stalybridge and Hyde,125.16497039794922,168.0463104248047,258
E14001516,Stevenage,55.60840606689453,67.311279296875,256
E14001517,Stockport,203.407958984375,253.89236450195312,95
E14001518,Stockton North,74.69499969482422,82.71265411376953,350
E14001519,Stockton West,71.0752944946289,77.49857330322266,779
E14001520,Stoke-on-Trent Central,157.77442932128906,354.3385925292969,148
E14001521,Stoke-on-Trent North,126.80729675292969,278.0767517089844,193
E14001522,Stoke-on-Trent South,82.10774230957031,165.27586364746094,632
E14001523,"Stone, Great Wyrley and Penkridge",57.009334564208984,91.0220718383789,1656
E14001524,Stourbridge,59.23188018798828,98.571533203125,116
E14001525,Stratford and Bow,350.9143981933594,492.4072570800781,44
E14001526,Stratford-on-Avon,38.81787872314453,52.18769073486328,2521
E14001527,Streatham and Croydon North,372.899658203125,581.2438354492188,53
E14001528,Stretford and Urmston,201.52383422851562,281.30224609375,188
E14001529,Stroud,51.85015869140625,64.35362243652344,1070
E14001530,Suffolk Coastal,26.281463623046875,38.508968353271484,2633
E14001531,Sunderland Central,88.57064819335938,94.97773742675781,111
E14001532,Surrey Heath,39.128875732421875,52.036529541015625,529
E14001533,Sussex Weald,39.84355163574219,50.637996673583984,1927
E14001534,Sutton and Cheam,189.44503784179688,294.9071350097656,72
E14001535,Sutton Coldfield,60.90521240234375,79.22391510009766,233
E14001536,Swindon North,43.071617126464844,47.962806701660156,407
E14001537,Swindon South,44.5258674621582,46.64765930175781,131
E14001538,Tamworth,43.37652587890625,72.60801696777344,770
E14001539,Tatton,65.02787780761719,94.03784942626953,1444
E14001540,Taunton and Wellington,47.624427795410156,61.38585662841797,1163
E14001541,Telford,115.38240814208984,196.44747924804688,208
E14001542,Tewkesbury,55.25094223022461,77.0586166381836,1286
E14001543,The Wrekin,50.842098236083984,91.88249206542969,2025
E14001544,Thirsk and Malton,57.54939270019531,81.17366027832031,7930
E14001545,Thornbury and Yate,71.65397644042969,101.75721740722656,1657
E14001546,Thurrock,102.45384216308594,178.65391540527344,256
E14001547,Tipton and Wednesbury,152.12130737304688,210.40249633789062,110
E14001548,Tiverton and Minehead,46.331268310546875,69.511962890625,5108
E14001549,Tonbridge,45.044803619384766,59.561222076416016,1208
E14001550,Tooting,398.3484191894531,677.4471435546875,46
E14001551,Torbay,47.93857192993164,54.08894729614258,144
E14001552,Torridge and Tavistock,49.70305633544922,95.3006820678711,6476
E14001553,Tottenham,403.3984375,656.8526611328125,46
E14001554,Truro and Falmouth,61.35743713378906,98.41914367675781,1702
E14001555,Tunbridge Wells,44.95981979370117,50.00432586669922,991
E14001556,Twickenham,175.54078674316406,344.2275695800781,104
E14001557,Tynemouth,166.9170684814453,183.87750244140625,132
E14001558,Uxbridge and South Ruislip,147.7420654296875,278.6754150390625,156
E14001559,Vauxhall and Camberwell Green,419.6050109863281,624.4296264648438,29
E14001560,Wakefield and Rothwell,105.46448516845703,145.091796875,241
E14001561,Wallasey,60.404754638671875,80.3173599243164,98
E14001562,Walsall and Bloxwich,149.9308319091797,206.70323181152344,129
E14001563,Walthamstow,321.43212890625,597.9078979492188,65
E14001564,Warrington North,138.9879913330078,191.01800537109375,368
E14001565,Warrington South,90.07168579101562,111.17149353027344,290
E14001566,Warwick and Leamington,43.522727966308594,66.1142349243164,356
E14001567,Washington and Gateshead South,94.3943099975586,101.23433685302734,277
E14001568,Watford,88.4133071899414,126.70004272460938,96
E14001569,Waveney Valley,27.932226181030273,36.187870025634766,3948
E14001570,Weald of Kent,42.87492370605469,62.25835037231445,3059
E14001571,Wellingborough and Rushden,48.526763916015625,79.3224105834961,366
E14001572,Wells and Mendip Hills,108.76463317871094,272.89154052734375,2691
E14001573,Welwyn Hatfield,70.44149017333984,103.5126724243164,426
E14001574,West Bromwich,111.79702758789062,152.98492431640625,144
E14001575,West Dorset,37.24250793457031,45.26558303833008,4029
E14001576,West Ham and Beckton,251.94961547851562,333.4016418457031,68
E14001577,West Lancashire,107.89408874511719,132.71694946289062,1051
E14001578,West Suffolk,26.050809860229492,40.836769104003906,3049
E14001579,West Worcestershire,50.173583984375,63.357444763183594,2826
E14001580,Westmorland and Lonsdale,123.87431335449219,217.10595703125,9629
E14001581,Weston-super-Mare,53.95118713378906,61.994529724121094,241
E14001582,Wetherby and Easingwold,53.45576477050781,74.81074523925781,3762
E14001583,Whitehaven and Workington,78.45706176757812,111.7469482421875,2115
E14001584,Widnes and Halewood,97.32410430908203,108.51709747314453,249
E14001585,Wigan,92.51516723632812,108.40424346923828,243
E14001586,Wimbledon,244.2708282470703,421.17523193359375,92
E14001587,Winchester,43.813507080078125,53.246585845947266,2285
E14001588,Windsor,71.79541778564453,119.73693084716797,443
E14001589,Wirral West,81.36109161376953,140.88726806640625,334
E14001590,Witham,36.77724838256836,45.707584381103516,1685
E14001591,Witney,40.564090728759766,49.24691390991211,2230
E14001592,Woking,49.67690658569336,69.66210174560547,252
E14001593,Wokingham,40.106163024902344,49.09480285644531,546
E14001594,Wolverhampton North East,166.6640625,295.7723388671875,108
E14001595,Wolverhampton South East,206.80809020996094,346.19451904296875,123
E14001596,Wolverhampton West,197.78321838378906,305.35382080078125,124
E14001597,Worcester,54.88447952270508,59.85761642456055,134
E14001598,Worsley and Eccles,210.49627685546875,289.569580078125,285
E14001599,Worthing West,43.021427154541016,51.91081619262695,297
E14001600,Wycombe,56.43669891357422,81.27037048339844,563
E14001601,Wyre Forest,58.68697738647461,72.17093658447266,779
E14001602,Wythenshawe and Sale East,149.72073364257812,317.8578186035156,144
E14001603,Yeovil,41.048648834228516,49.81010818481445,1347
E14001604,York Central,188.7556915283203,332.85247802734375,105
E14001605,York Outer,56.85822296142578,112.59199523925781,991
N05000001,Belfast East,113.58686065673828,243.72317504882812,224
N05000002,Belfast North,88.702392578125,162.134521484375,216
N05000003,Belfast South and Mid Down,62.08000564575195,126.17797088623047,475
N05000004,Belfast West,69.91902160644531,119.43861389160156,154
N05000005,East Antrim,48.762413024902344,108.18207550048828,3328
N05000006,East Londonderry,31.097402572631836,57.40139389038086,5159
N05000007,Fermanagh and South Tyrone,27.817270278930664,40.16576385498047,10233
N05000008,Foyle,41.1020622253418,64.69676208496094,483
N05000009,Lagan Valley,35.32014083862305,52.36259841918945,1955
N05000010,Mid Ulster,27.447763442993164,48.91503143310547,4735
N05000011,Newry and Armagh,44.9322509765625,70.50147247314453,3687
N05000012,North Antrim,32.734561920166016,82.73527526855469,4550
N05000013,North Down,55.90888595581055,99.04847717285156,464
N05000014,South Antrim,30.560091018676758,52.68735885620117,2549
N05000015,South Down,49.66232681274414,90.35639953613281,4471
N05000016,Strangford,40.18479919433594,64.56180572509766,2517
N05000017,Upper Bann,34.35170364379883,48.77511978149414,1342
N05000018,West Tyrone,29.80771827697754,50.12786865234375,8490
S14000021,East Renfrewshire,95.75212860107422,155.9193572998047,580
S14000027,Na h-Eileanan an Iar,,,0
S14000045,Midlothian,,,0
S14000048,North Ayrshire and Arran,148.5277557373047,261.4753723144531,67
S14000051,Orkney and Shetland,,,0
S14000060,Aberdeen North,,,0
S14000061,Aberdeen South,,,0
S14000062,Aberdeenshire North and Moray East,,,0
S14000063,Airdrie and Shotts,101.07418823242188,173.24945068359375,742
S14000064,Alloa and Grangemouth,,,0
S14000065,Angus and Perthshire Glens,,,0
S14000066,Arbroath and Broughty Ferry,,,0
S14000067,"Argyll, Bute and South Lochaber",64.33756256103516,82.91974639892578,80
S14000068,Bathgate and Linlithgow,116.47866821289062,119.32257080078125,6
S14000069,"Caithness, Sutherland and Easter Ross",,,0
S14000070,Coatbridge and Bellshill,138.53207397460938,255.32241821289062,272
S14000071,Cowdenbeath and Kirkcaldy,,,0
S14000072,Cumbernauld and Kirkintilloch,89.03852844238281,157.08950805664062,404
S14000073,Dumfries and Galloway,,,0
S14000074,"Dumfriesshire, Clydesdale and Tweeddale",86.07337951660156,193.78916931152344,3739
S14000075,Dundee Central,,,0
S14000076,Dunfermline and Dollar,,,0
S14000077,East Kilbride and Strathaven,67.12997436523438,122.31257629394531,1196
S14000078,Edinburgh East and Musselburgh,,,0
S14000079,Edinburgh North and Leith,,,0
S14000080,Edinburgh South,,,0
S14000081,Edinburgh South West,,,0
S14000082,Edinburgh West,,,0
S14000083,Falkirk,109.18065643310547,123.479248046875,7
S14000084,Glasgow East,169.72409057617188,264.01580810546875,117
S14000085,Glasgow North,166.95608520507812,322.78131103515625,111
S14000086,Glasgow North East,156.6748046875,235.322509765625,155
S14000087,Glasgow South,143.00927734375,239.59454345703125,111
S14000088,Glasgow South West,153.63999938964844,258.4666442871094,120
S14000089,Glasgow West,181.94642639160156,308.09808349609375,76
S14000090,Glenrothes and Mid Fife,,,0
S14000091,Gordon and Buchan,,,0
S14000092,Hamilton and Clyde Valley,56.37654495239258,119.24394989013672,1031
S14000093,Inverclyde and Renfrewshire West,136.9935760498047,224.44174194335938,579
S14000094,"Inverness, Skye and West Ross-shire",,,0
S14000095,Livingston,72.20645904541016,93.9284896850586,15
S14000096,Lothian East,,,0
S14000097,Mid Dunbartonshire,97.7665023803711,194.2700958251953,589
S14000098,"Moray West, Nairn and Strathspey",,,0
S14000099,"Motherwell, Wishaw and Carluke",70.0601577758789,168.57522583007812,832
S14000100,North East Fife,,,0
S14000101,Paisley and Renfrewshire North,125.94371795654297,213.0238800048828,324
S14000102,Paisley and Renfrewshire South,138.34019470214844,261.56439208984375,593
S14000103,Perth and Kinross-shire,,,0
S14000104,Rutherglen,137.3763427734375,223.52854919433594,159
S14000105,Stirling and Strathallan,94.35343170166016,216.0074462890625,70
S14000106,West Dunbartonshire,100.34326934814453,167.95391845703125,445
S14000107,"Ayr, Carrick and Cumnock",,,0
S14000108,"Berwickshire, Roxburgh and Selkirk",,,0
S14000109,Central Ayrshire,,,0
S14000110,Kilmarnock and Loudoun,92.23101806640625,148.68215942382812,48
S14000111,West Aberdeenshire and Kincardine,,,0
W07000081,Aberafan Maesteg,97.7072982788086,149.76287841796875,960
W07000082,Alyn and Deeside,142.54275512695312,396.32647705078125,729
W07000083,Bangor Aberconwy,81.21458435058594,118.35395812988281,5564
W07000084,Blaenau Gwent and Rhymney,117.84849548339844,179.99725341796875,668
W07000085,"Brecon, Radnor and Cwm Tawe",70.80131530761719,149.99755859375,12392
W07000086,Bridgend,108.62464141845703,181.71290588378906,482
W07000087,Caerfyrddin,65.66976928710938,117.48739624023438,8050
W07000088,Caerphilly,65.69651794433594,103.69844055175781,564
W07000089,Cardiff East,120.15103149414062,378.0530090332031,116
W07000090,Cardiff North,85.58695220947266,166.2375946044922,196
W07000091,Cardiff South and Penarth,185.9925079345703,453.72308349609375,216
W07000092,Cardiff West,96.80021667480469,253.03146362304688,250
W07000093,Ceredigion Preseli,58.66527557373047,105.32460021972656,9727
W07000094,Clwyd East,135.42227172851562,324.7890930175781,2581
W07000095,Clwyd North,72.91999816894531,136.20022583007812,636
W07000096,Dwyfor Meirionnydd,77.27996063232422,134.6065673828125,10208
W07000097,Gower,100.25902557373047,174.3907928466797,1214
W07000098,Llanelli,70.70973205566406,111.31554412841797,1363
W07000099,Merthyr Tydfil and Aberdare,79.95603942871094,112.63214874267578,982
W07000100,Mid and South Pembrokeshire,45.0076904296875,54.939208984375,3787
W07000101,Monmouthshire,51.595760345458984,76.26524353027344,3384
W07000102,Montgomeryshire and Glyndwr,73.24856567382812,126.57405853271484,9560
W07000103,Neath and Swansea East,165.04481506347656,346.86907958984375,848
W07000104,Newport East,58.00552749633789,68.3082504272461,480
W07000105,Newport West and Islwyn,67.04523468017578,81.38475799560547,579
W07000106,Pontypridd,74.75779724121094,154.80613708496094,574
W07000107,Rhondda and Ogmore,78.81120300292969,89.53662109375,794
W07000108,Swansea West,292.46142578125,522.2498779296875,125
W07000109,Torfaen,82.7237777709961,109.10201263427734,507
W07000110,Vale of Glamorgan,132.4520263671875,234.04312133789062,1137
W07000111,Wrexham,68.6406021118164,104.57203674316406,1173
W07000112,Ynys Môn,48.58091354370117,63.094383239746094,2806
